{"lr": 0.008, "data_time": 0.0011334657669067384, "loss": 0.3207554526627064, "time": 0.34781312942504883, "epoch": 1, "iter": 100, "memory": 3094, "step": 100}
{"accuracy/top1": 82.5450439453125, "accuracy/top5": 96.5090103149414, "data_time": 0.012517111642020089, "time": 0.11528117316109794, "step": 1}
{"lr": 0.008, "data_time": 0.0012310981750488282, "loss": 0.2117013730108738, "time": 0.33538479804992677, "epoch": 2, "iter": 209, "memory": 3094, "step": 209}
{"accuracy/top1": 82.43243408203125, "accuracy/top5": 97.07207489013672, "data_time": 0.007941574885927397, "time": 0.11290501726084742, "step": 2}
{"lr": 0.008, "data_time": 0.0011128902435302735, "loss": 0.2542882665991783, "time": 0.3370229721069336, "epoch": 3, "iter": 318, "memory": 3094, "step": 318}
{"accuracy/top1": 82.77027130126953, "accuracy/top5": 96.84684753417969, "data_time": 0.007194075091131802, "time": 0.10653196532150795, "step": 3}
{"lr": 0.008, "data_time": 0.0015525341033935547, "loss": 0.26248639822006226, "time": 0.3366922616958618, "epoch": 4, "iter": 427, "memory": 3094, "step": 427}
{"accuracy/top1": 82.77027130126953, "accuracy/top5": 97.18468475341797, "data_time": 0.007424962931665881, "time": 0.10676560730769716, "step": 4}
{"lr": 0.007200000000000001, "data_time": 0.0011342763900756836, "loss": 0.2910467654466629, "time": 0.3365083456039429, "epoch": 5, "iter": 536, "memory": 3094, "step": 536}
{"accuracy/top1": 82.65765380859375, "accuracy/top5": 96.84684753417969, "data_time": 0.007533295401211442, "time": 0.10720430571457436, "step": 5}
{"lr": 0.007200000000000001, "data_time": 0.0020424842834472655, "loss": 0.14460847824811934, "time": 0.33834495544433596, "epoch": 6, "iter": 645, "memory": 3094, "step": 645}
{"accuracy/top1": 83.4459457397461, "accuracy/top5": 96.95945739746094, "data_time": 0.008986308656889817, "time": 0.10896043941892426, "step": 6}
{"lr": 0.007200000000000001, "data_time": 0.002069854736328125, "loss": 0.22971395626664162, "time": 0.3382753849029541, "epoch": 7, "iter": 754, "memory": 3094, "step": 754}
{"accuracy/top1": 82.65765380859375, "accuracy/top5": 97.409912109375, "data_time": 0.007430224583066743, "time": 0.10687714609606512, "step": 7}
{"lr": 0.007200000000000001, "data_time": 0.001280999183654785, "loss": 0.16796634085476397, "time": 0.33715386390686036, "epoch": 8, "iter": 863, "memory": 3094, "step": 863}
{"accuracy/top1": 83.67117309570312, "accuracy/top5": 96.84684753417969, "data_time": 0.0065097808837890625, "time": 0.10624512310685783, "step": 8}
{"lr": 0.0064800000000000005, "data_time": 0.0013953685760498048, "loss": 0.22697708159685134, "time": 0.3381556749343872, "epoch": 9, "iter": 972, "memory": 3094, "step": 972}
{"accuracy/top1": 82.09459686279297, "accuracy/top5": 97.07207489013672, "data_time": 0.007478204266778354, "time": 0.10682032026093581, "step": 9}
{"lr": 0.0064800000000000005, "data_time": 0.0012772798538208008, "loss": 0.2832398653030396, "time": 0.33692383766174316, "epoch": 10, "iter": 1081, "memory": 3094, "step": 1081}
{"accuracy/top1": 82.31981658935547, "accuracy/top5": 97.07207489013672, "data_time": 0.007896990611635405, "time": 0.10741779722016433, "step": 10}
{"lr": 0.0064800000000000005, "data_time": 0.0014727592468261718, "loss": 0.18345841094851495, "time": 0.3372959136962891, "epoch": 11, "iter": 1190, "memory": 3094, "step": 1190}
{"accuracy/top1": 82.77027130126953, "accuracy/top5": 96.95945739746094, "data_time": 0.008110547887867895, "time": 0.10806015442157614, "step": 11}
{"lr": 0.0064800000000000005, "data_time": 0.0012140989303588868, "loss": 0.18596857897937297, "time": 0.3373664379119873, "epoch": 12, "iter": 1299, "memory": 3094, "step": 1299}
{"accuracy/top1": 83.22071838378906, "accuracy/top5": 97.07207489013672, "data_time": 0.005799441502012056, "time": 0.10546292107680748, "step": 12}
{"lr": 0.005832, "data_time": 0.001276850700378418, "loss": 0.19082798734307288, "time": 0.3369927406311035, "epoch": 13, "iter": 1408, "memory": 3094, "step": 1408}
{"accuracy/top1": 82.31981658935547, "accuracy/top5": 96.28378295898438, "data_time": 0.007181775980982287, "time": 0.10654360672523236, "step": 13}
{"lr": 0.005832, "data_time": 0.0014929056167602539, "loss": 0.2034019038081169, "time": 0.33744733333587645, "epoch": 14, "iter": 1517, "memory": 3094, "step": 1517}
{"accuracy/top1": 83.89639282226562, "accuracy/top5": 97.29729461669922, "data_time": 0.0077872605159364896, "time": 0.10748158652206947, "step": 14}
{"lr": 0.005832, "data_time": 0.0016696929931640625, "loss": 0.25050375014543536, "time": 0.3377788782119751, "epoch": 15, "iter": 1626, "memory": 3094, "step": 1626}
{"accuracy/top1": 84.12162017822266, "accuracy/top5": 97.07207489013672, "data_time": 0.007969239662433493, "time": 0.10781949141929889, "step": 15}
{"lr": 0.005832, "data_time": 0.0013115406036376953, "loss": 0.2059484250843525, "time": 0.3370359420776367, "epoch": 16, "iter": 1735, "memory": 3094, "step": 1735}
{"accuracy/top1": 83.78378295898438, "accuracy/top5": 97.29729461669922, "data_time": 0.00816554858766753, "time": 0.1082318404625202, "step": 16}
{"lr": 0.0052488000000000005, "data_time": 0.0012773036956787109, "loss": 0.17116133347153664, "time": 0.33730273246765136, "epoch": 17, "iter": 1844, "memory": 3094, "step": 1844}
{"accuracy/top1": 84.23423767089844, "accuracy/top5": 97.29729461669922, "data_time": 0.00890559985719878, "time": 0.10881710052490234, "step": 17}
{"lr": 0.0052488000000000005, "data_time": 0.0011958837509155273, "loss": 0.1636794924736023, "time": 0.3371924877166748, "epoch": 18, "iter": 1953, "memory": 3094, "step": 1953}
{"accuracy/top1": 83.33333587646484, "accuracy/top5": 96.73423767089844, "data_time": 0.007495625265713395, "time": 0.10710578129209321, "step": 18}
{"lr": 0.0052488000000000005, "data_time": 0.002040719985961914, "loss": 0.20211223289370536, "time": 0.33778598308563235, "epoch": 19, "iter": 2062, "memory": 3094, "step": 2062}
{"accuracy/top1": 83.33333587646484, "accuracy/top5": 96.84684753417969, "data_time": 0.007769675090395171, "time": 0.10741680243919635, "step": 19}
{"lr": 0.0052488000000000005, "data_time": 0.0014826536178588867, "loss": 0.1858082737773657, "time": 0.3373453140258789, "epoch": 20, "iter": 2171, "memory": 3094, "step": 2171}
{"accuracy/top1": 83.4459457397461, "accuracy/top5": 96.95945739746094, "data_time": 0.007660635586442618, "time": 0.10737185642637055, "step": 20}
