{"lr": 0.02, "data_time": 0.0011025428771972655, "loss": 0.6412954837083816, "time": 0.3340212106704712, "epoch": 1, "iter": 100, "memory": 3094, "step": 100}
{"accuracy/top1": 77.02702331542969, "accuracy/top5": 96.84684753417969, "data_time": 0.010986294065202986, "time": 0.11058199405670166, "step": 1}
{"lr": 0.02, "data_time": 0.0012966156005859374, "loss": 0.6462114512920379, "time": 0.3347322463989258, "epoch": 2, "iter": 209, "memory": 3094, "step": 209}
{"accuracy/top1": 77.81531524658203, "accuracy/top5": 97.07207489013672, "data_time": 0.007383017704404634, "time": 0.11128859684385102, "step": 2}
{"lr": 0.02, "data_time": 0.001183319091796875, "loss": 0.529724532365799, "time": 0.3357006311416626, "epoch": 3, "iter": 318, "memory": 3094, "step": 318}
{"accuracy/top1": 79.72972869873047, "accuracy/top5": 96.17117309570312, "data_time": 0.007840937581555596, "time": 0.10689622780372357, "step": 3}
{"lr": 0.02, "data_time": 0.0014464616775512694, "loss": 0.46963147819042206, "time": 0.3368294477462769, "epoch": 4, "iter": 427, "memory": 3094, "step": 427}
{"accuracy/top1": 79.16666412353516, "accuracy/top5": 96.62162017822266, "data_time": 0.00703009243669181, "time": 0.10660222481037009, "step": 4}
{"lr": 0.0196, "data_time": 0.0011434316635131835, "loss": 0.5194566547870636, "time": 0.33730134963989256, "epoch": 5, "iter": 536, "memory": 3094, "step": 536}
{"accuracy/top1": 78.37837982177734, "accuracy/top5": 96.62162017822266, "data_time": 0.00933171140736547, "time": 0.10892004802309234, "step": 5}
{"lr": 0.0196, "data_time": 0.0017392158508300782, "loss": 0.5562042653560638, "time": 0.33759098052978515, "epoch": 6, "iter": 645, "memory": 3094, "step": 645}
{"accuracy/top1": 79.27928161621094, "accuracy/top5": 96.95945739746094, "data_time": 0.007830932222563645, "time": 0.10770610283161032, "step": 6}
{"lr": 0.0196, "data_time": 0.0025701284408569335, "loss": 0.3502232849597931, "time": 0.3380988597869873, "epoch": 7, "iter": 754, "memory": 3094, "step": 754}
{"accuracy/top1": 76.91441345214844, "accuracy/top5": 96.05855560302734, "data_time": 0.008195441344688678, "time": 0.10761440211328967, "step": 7}
{"lr": 0.0196, "data_time": 0.0012151479721069336, "loss": 0.5072253853082657, "time": 0.33719382286071775, "epoch": 8, "iter": 863, "memory": 3094, "step": 863}
{"accuracy/top1": 78.94144439697266, "accuracy/top5": 95.15765380859375, "data_time": 0.007608832984135069, "time": 0.10724432715054216, "step": 8}
{"lr": 0.019208, "data_time": 0.0012747764587402344, "loss": 0.492537185549736, "time": 0.3375304460525513, "epoch": 9, "iter": 972, "memory": 3094, "step": 972}
{"accuracy/top1": 77.81531524658203, "accuracy/top5": 96.5090103149414, "data_time": 0.007979878063859611, "time": 0.1073569840398328, "step": 9}
{"lr": 0.019208, "data_time": 0.0012934207916259766, "loss": 0.3947990119457245, "time": 0.35014426708221436, "epoch": 10, "iter": 1081, "memory": 3094, "step": 1081}
{"accuracy/top1": 79.0540542602539, "accuracy/top5": 96.5090103149414, "data_time": 0.00723127661080196, "time": 0.10916943385683257, "step": 10}
{"lr": 0.019208, "data_time": 0.0012401819229125976, "loss": 0.35953328013420105, "time": 0.3375536441802979, "epoch": 11, "iter": 1190, "memory": 3094, "step": 1190}
{"accuracy/top1": 80.18018341064453, "accuracy/top5": 97.07207489013672, "data_time": 0.005868845972521552, "time": 0.10579378851528826, "step": 11}
{"lr": 0.019208, "data_time": 0.0014951229095458984, "loss": 0.3681658565998077, "time": 0.33813493251800536, "epoch": 12, "iter": 1299, "memory": 3094, "step": 1299}
{"accuracy/top1": 79.9549560546875, "accuracy/top5": 96.39639282226562, "data_time": 0.0075436542774068895, "time": 0.10718540487618282, "step": 12}
{"lr": 0.018823839999999998, "data_time": 0.0012856721878051758, "loss": 0.37695679515600206, "time": 0.33732588291168214, "epoch": 13, "iter": 1408, "memory": 3094, "step": 1408}
{"accuracy/top1": 80.63063049316406, "accuracy/top5": 96.39639282226562, "data_time": 0.008665545233364763, "time": 0.10816472974316828, "step": 13}
{"lr": 0.018823839999999998, "data_time": 0.0011558294296264648, "loss": 0.45916323363780975, "time": 0.3373386383056641, "epoch": 14, "iter": 1517, "memory": 3094, "step": 1517}
{"accuracy/top1": 78.04054260253906, "accuracy/top5": 96.28378295898438, "data_time": 0.007394108278998013, "time": 0.10735661407996869, "step": 14}
{"lr": 0.018823839999999998, "data_time": 0.0012061595916748047, "loss": 0.3743066474795341, "time": 0.3377013921737671, "epoch": 15, "iter": 1626, "memory": 3094, "step": 1626}
{"accuracy/top1": 75.56306457519531, "accuracy/top5": 95.72071838378906, "data_time": 0.00853515493458715, "time": 0.1081809586492078, "step": 15}
{"lr": 0.018823839999999998, "data_time": 0.001213669776916504, "loss": 0.34832617044448855, "time": 0.33850395679473877, "epoch": 16, "iter": 1735, "memory": 3094, "step": 1735}
{"accuracy/top1": 80.63063049316406, "accuracy/top5": 96.39639282226562, "data_time": 0.006750378115423794, "time": 0.10672191093707907, "step": 16}
{"lr": 0.018447363199999997, "data_time": 0.001088714599609375, "loss": 0.32460678815841676, "time": 0.3380048513412476, "epoch": 17, "iter": 1844, "memory": 3094, "step": 1844}
{"accuracy/top1": 78.26576232910156, "accuracy/top5": 96.95945739746094, "data_time": 0.006353156319979964, "time": 0.10638001047331712, "step": 17}
{"lr": 0.018447363199999997, "data_time": 0.0018991947174072266, "loss": 0.39553519189357755, "time": 0.33777427673339844, "epoch": 18, "iter": 1953, "memory": 3094, "step": 1953}
{"accuracy/top1": 81.0810775756836, "accuracy/top5": 96.5090103149414, "data_time": 0.007728971284011315, "time": 0.10773444997853246, "step": 18}
{"lr": 0.018447363199999997, "data_time": 0.0016569375991821289, "loss": 0.41052526235580444, "time": 0.3382742881774902, "epoch": 19, "iter": 2062, "memory": 3094, "step": 2062}
{"accuracy/top1": 80.74324035644531, "accuracy/top5": 96.84684753417969, "data_time": 0.006393703921087857, "time": 0.10643551267426589, "step": 19}
{"lr": 0.018447363199999997, "data_time": 0.0014004707336425781, "loss": 0.29746140241622926, "time": 0.3381280183792114, "epoch": 20, "iter": 2171, "memory": 3094, "step": 2171}
{"accuracy/top1": 78.4909896850586, "accuracy/top5": 96.5090103149414, "data_time": 0.009257398802658608, "time": 0.10915465190492828, "step": 20}
