{"lr": 2.5863685344827587e-05, "data_time": 0.4068935394287109, "loss": 2.728555107116699, "loss_cls": 2.066051149368286, "loss_bbox": 0.6625039935111999, "time": 1.2574649333953858, "epoch": 1, "iter": 5, "memory": 1810, "step": 5}
{"lr": 6.465640086206897e-05, "data_time": 0.3569412448189475, "loss": 2.699139031496915, "loss_cls": 2.0199409940026025, "loss_bbox": 0.679198064587333, "time": 0.9873243245211515, "epoch": 2, "iter": 11, "memory": 1810, "step": 11}
{"lr": 0.00010344911637931034, "data_time": 0.32506857198827405, "loss": 2.6920314957113827, "loss_cls": 2.0124990098616657, "loss_bbox": 0.679532503380495, "time": 0.8811590531293083, "epoch": 3, "iter": 17, "memory": 1810, "step": 17}
{"lr": 0.00014224183189655168, "data_time": 0.3098547665969185, "loss": 2.7221374615379004, "loss_cls": 2.073457044103871, "loss_bbox": 0.6486804252085479, "time": 0.8256911402163298, "epoch": 4, "iter": 23, "memory": 1810, "step": 23}
{"lr": 0.000181034547413793, "data_time": 0.29982305395192116, "loss": 2.7320800403068803, "loss_cls": 2.11016268565737, "loss_bbox": 0.6219173536218446, "time": 0.7912280559539795, "epoch": 5, "iter": 29, "memory": 1810, "step": 29}
{"lr": 0.0001874999999999999, "data_time": 0.2918978895459856, "loss": 2.699750961576189, "loss_cls": 2.098016653742109, "loss_bbox": 0.6017343018736158, "time": 0.7698971884591239, "epoch": 6, "iter": 35, "memory": 1810, "step": 35}
{"lr": 0.0001874999999999999, "data_time": 0.2885565757751465, "loss": 2.6295812071823494, "loss_cls": 2.045942149511198, "loss_bbox": 0.5836390569442655, "time": 0.7560067758327578, "epoch": 7, "iter": 41, "memory": 1810, "step": 41}
{"lr": 0.0001874999999999999, "data_time": 0.28625622201473155, "loss": 2.5285671974750277, "loss_cls": 1.9677183526627562, "loss_bbox": 0.5608488467145474, "time": 0.7410438010033141, "epoch": 8, "iter": 47, "memory": 1810, "step": 47}
{"lr": 0.0001874999999999999, "data_time": 0.2616642713546753, "loss": 2.4259390234947205, "loss_cls": 1.8897983121871949, "loss_bbox": 0.5361407035589218, "time": 0.6657209920883179, "epoch": 9, "iter": 53, "memory": 1810, "step": 53}
{"lr": 0.0001874999999999999, "data_time": 0.25177845001220706, "loss": 2.2855326461791994, "loss_cls": 1.7795980072021484, "loss_bbox": 0.5059346270561218, "time": 0.6541445779800416, "epoch": 10, "iter": 59, "memory": 1810, "step": 59}
{"coco/bbox_mAP": 0.433, "coco/bbox_mAP_50": 0.603, "coco/bbox_mAP_75": 0.528, "coco/bbox_mAP_s": 0.0, "coco/bbox_mAP_m": 0.134, "coco/bbox_mAP_l": 0.55, "data_time": 0.013511015818669246, "time": 0.04462975722092848, "step": 10}
{"lr": 0.0001874999999999999, "data_time": 0.25038832664489746, "loss": 2.133538899421692, "loss_cls": 1.6580564188957214, "loss_bbox": 0.4754824697971344, "time": 0.652282829284668, "epoch": 11, "iter": 65, "memory": 1810, "step": 65}
{"lr": 0.0001874999999999999, "data_time": 0.24983075141906738, "loss": 1.9678537106513978, "loss_cls": 1.5116843450069428, "loss_bbox": 0.45616935968399047, "time": 0.6472558164596558, "epoch": 12, "iter": 71, "memory": 1810, "step": 71}
{"lr": 0.0001874999999999999, "data_time": 0.25208774089813235, "loss": 1.8007735109329224, "loss_cls": 1.362450451850891, "loss_bbox": 0.43832305550575257, "time": 0.6493583488464355, "epoch": 13, "iter": 77, "memory": 1810, "step": 77}
{"lr": 0.0001874999999999999, "data_time": 0.2513912725448608, "loss": 1.6575417733192443, "loss_cls": 1.2422243392467498, "loss_bbox": 0.41531743228435514, "time": 0.6477384901046753, "epoch": 14, "iter": 83, "memory": 1810, "step": 83}
{"lr": 0.0001874999999999999, "data_time": 0.25062439918518065, "loss": 1.480644211769104, "loss_cls": 1.083072263598442, "loss_bbox": 0.3975719493627548, "time": 0.645167727470398, "epoch": 15, "iter": 89, "memory": 1810, "step": 89}
{"lr": 0.0001874999999999999, "data_time": 0.2535580348968506, "loss": 1.351590324640274, "loss_cls": 0.9686513537168503, "loss_bbox": 0.3829389649629593, "time": 0.6506145572662354, "epoch": 16, "iter": 95, "memory": 1810, "step": 95}
{"lr": 0.0001874999999999999, "data_time": 0.2560710954666138, "loss": 1.2584252488613128, "loss_cls": 0.8863719838857651, "loss_bbox": 0.3720532619953156, "time": 0.6543161487579345, "epoch": 17, "iter": 101, "memory": 1810, "step": 101}
{"lr": 0.0001874999999999999, "data_time": 0.26323923110961917, "loss": 1.2015359616279602, "loss_cls": 0.8406422692537308, "loss_bbox": 0.36089369356632234, "time": 0.6591546392440796, "epoch": 18, "iter": 107, "memory": 1810, "step": 107}
{"lr": 0.0001874999999999999, "data_time": 0.26361682415008547, "loss": 1.1209457874298097, "loss_cls": 0.7786387443542481, "loss_bbox": 0.3423070418834686, "time": 0.6618178224563599, "epoch": 19, "iter": 113, "memory": 1810, "step": 113}
{"lr": 0.0001874999999999999, "data_time": 0.26667466640472415, "loss": 1.0558971548080445, "loss_cls": 0.7253967577219009, "loss_bbox": 0.33050039649009705, "time": 0.6628625154495239, "epoch": 20, "iter": 119, "memory": 1810, "step": 119}
{"coco/bbox_mAP": 0.654, "coco/bbox_mAP_50": 0.802, "coco/bbox_mAP_75": 0.745, "coco/bbox_mAP_s": 0.0, "coco/bbox_mAP_m": 0.433, "coco/bbox_mAP_l": 0.759, "data_time": 0.007313728332519531, "time": 0.049090419496808736, "step": 20}
{"lr": 0.00018701210630623673, "data_time": 0.26217170715332033, "loss": 0.9776416802406311, "loss_cls": 0.6617908644676208, "loss_bbox": 0.3158508163690567, "time": 0.6666961431503295, "epoch": 21, "iter": 125, "memory": 1810, "step": 125}
{"lr": 0.00018446526890387004, "data_time": 0.2586625957489014, "loss": 0.8851977300643921, "loss_cls": 0.5807524508237839, "loss_bbox": 0.30444528073072435, "time": 0.6682008600234985, "epoch": 22, "iter": 131, "memory": 1810, "step": 131}
{"lr": 0.00017980014232129403, "data_time": 0.2555568885803223, "loss": 0.8827738440036774, "loss_cls": 0.5889248734712601, "loss_bbox": 0.2938489720225334, "time": 0.6686113023757935, "epoch": 23, "iter": 137, "memory": 1810, "step": 137}
{"lr": 0.00017313159745763925, "data_time": 0.25741216659545896, "loss": 0.8858185744285584, "loss_cls": 0.5918591725826263, "loss_bbox": 0.29395940363407136, "time": 0.6745871162414551, "epoch": 24, "iter": 143, "memory": 1810, "step": 143}
{"lr": 0.00016462383601908038, "data_time": 0.2560576820373535, "loss": 0.8509356939792633, "loss_cls": 0.5681875312328338, "loss_bbox": 0.28274816513061524, "time": 0.6781258296966552, "epoch": 25, "iter": 149, "memory": 1810, "step": 149}
{"lr": 0.0001544863473278761, "data_time": 0.2534975147247314, "loss": 0.8069264537096024, "loss_cls": 0.5296517872810363, "loss_bbox": 0.2772746679186821, "time": 0.6811362648010254, "epoch": 26, "iter": 155, "memory": 1810, "step": 155}
