{"lr": 0.05, "data_time": 0.0012197017669677735, "loss": 1.7119673371315003, "time": 0.3400920867919922, "epoch": 1, "iter": 100, "memory": 3094, "step": 100}
{"accuracy/top1": 38.513511657714844, "accuracy/top5": 78.37837982177734, "data_time": 0.011227735451289586, "time": 0.11246962206704277, "step": 1}
{"lr": 0.05, "data_time": 0.0012031793594360352, "loss": 1.2812315821647644, "time": 0.33465731143951416, "epoch": 2, "iter": 209, "memory": 3094, "step": 209}
{"accuracy/top1": 52.590091705322266, "accuracy/top5": 85.58558654785156, "data_time": 0.008800679239733466, "time": 0.11193132400512695, "step": 2}
{"lr": 0.05, "data_time": 0.0012145280838012696, "loss": 1.3873050689697266, "time": 0.33535473346710204, "epoch": 3, "iter": 318, "memory": 3094, "step": 318}
{"accuracy/top1": 40.202701568603516, "accuracy/top5": 77.590087890625, "data_time": 0.006168357257185311, "time": 0.10561867417960331, "step": 3}
{"lr": 0.05, "data_time": 0.0026812314987182616, "loss": 1.5183137655258179, "time": 0.3378919124603271, "epoch": 4, "iter": 427, "memory": 3094, "step": 427}
{"accuracy/top1": 54.27927780151367, "accuracy/top5": 87.83783721923828, "data_time": 0.009290596534465921, "time": 0.10900616645812988, "step": 4}
{"lr": 0.049, "data_time": 0.001424264907836914, "loss": 1.3109476506710052, "time": 0.33656134605407717, "epoch": 5, "iter": 536, "memory": 3094, "step": 536}
{"accuracy/top1": 55.85585403442383, "accuracy/top5": 90.090087890625, "data_time": 0.00889501900508486, "time": 0.11128702656976108, "step": 5}
{"lr": 0.049, "data_time": 0.0011476993560791016, "loss": 1.1981431603431703, "time": 0.33630990982055664, "epoch": 6, "iter": 645, "memory": 3094, "step": 645}
{"accuracy/top1": 56.98198318481445, "accuracy/top5": 89.97747802734375, "data_time": 0.00862948647860823, "time": 0.11333824026173558, "step": 6}
{"lr": 0.049, "data_time": 0.001216745376586914, "loss": 1.1660430610179902, "time": 0.3363173484802246, "epoch": 7, "iter": 754, "memory": 3094, "step": 754}
{"accuracy/top1": 57.5450439453125, "accuracy/top5": 90.87837982177734, "data_time": 0.008254223856432685, "time": 0.10864630238763218, "step": 7}
{"lr": 0.049, "data_time": 0.0011998653411865235, "loss": 1.342665719985962, "time": 0.33638653755187986, "epoch": 8, "iter": 863, "memory": 3094, "step": 863}
{"accuracy/top1": 63.62612533569336, "accuracy/top5": 92.34233856201172, "data_time": 0.00744297586638352, "time": 0.10704690834571576, "step": 8}
{"lr": 0.04802, "data_time": 0.001393270492553711, "loss": 1.2280702590942383, "time": 0.3371515512466431, "epoch": 9, "iter": 972, "memory": 3094, "step": 972}
{"accuracy/top1": 60.36035919189453, "accuracy/top5": 90.54054260253906, "data_time": 0.007263109601777175, "time": 0.10761269207658439, "step": 9}
{"lr": 0.04802, "data_time": 0.0012610673904418946, "loss": 1.0858227133750915, "time": 0.33642215728759767, "epoch": 10, "iter": 1081, "memory": 3094, "step": 1081}
{"accuracy/top1": 63.06306457519531, "accuracy/top5": 92.79279327392578, "data_time": 0.008094006571276435, "time": 0.1076000476705617, "step": 10}
{"lr": 0.04802, "data_time": 0.0013826608657836914, "loss": 1.2183894634246826, "time": 0.3369488000869751, "epoch": 11, "iter": 1190, "memory": 3094, "step": 1190}
{"accuracy/top1": 68.01802062988281, "accuracy/top5": 94.03153228759766, "data_time": 0.009503611202897697, "time": 0.10904828433332772, "step": 11}
{"lr": 0.04802, "data_time": 0.0016920804977416993, "loss": 1.053892230987549, "time": 0.3370505332946777, "epoch": 12, "iter": 1299, "memory": 3094, "step": 1299}
{"accuracy/top1": 66.89189147949219, "accuracy/top5": 92.90540313720703, "data_time": 0.008922667338930327, "time": 0.10834008249743231, "step": 12}
{"lr": 0.0470596, "data_time": 0.001224851608276367, "loss": 1.1040686190128326, "time": 0.3361239433288574, "epoch": 13, "iter": 1408, "memory": 3094, "step": 1408}
{"accuracy/top1": 65.31531524658203, "accuracy/top5": 92.90540313720703, "data_time": 0.010512565744334254, "time": 0.11676043477551691, "step": 13}
{"lr": 0.0470596, "data_time": 0.001559305191040039, "loss": 1.0254818797111511, "time": 0.3380820989608765, "epoch": 14, "iter": 1517, "memory": 3094, "step": 1517}
{"accuracy/top1": 67.4549560546875, "accuracy/top5": 93.80630493164062, "data_time": 0.007687461787256701, "time": 0.11492547495611782, "step": 14}
{"lr": 0.0470596, "data_time": 0.0012812376022338866, "loss": 1.1130555391311645, "time": 0.33650031089782717, "epoch": 15, "iter": 1626, "memory": 3094, "step": 1626}
{"accuracy/top1": 68.24324035644531, "accuracy/top5": 93.01802062988281, "data_time": 0.009484143092714507, "time": 0.1138603111793255, "step": 15}
{"lr": 0.0470596, "data_time": 0.0013681888580322266, "loss": 0.9424016773700714, "time": 0.3368394136428833, "epoch": 16, "iter": 1735, "memory": 3094, "step": 1735}
{"accuracy/top1": 62.612613677978516, "accuracy/top5": 92.56756591796875, "data_time": 0.007557663424261685, "time": 0.1174302758841679, "step": 16}
{"lr": 0.046118408, "data_time": 0.001732015609741211, "loss": 1.0623145997524261, "time": 0.3368812084197998, "epoch": 17, "iter": 1844, "memory": 3094, "step": 1844}
{"accuracy/top1": 65.31531524658203, "accuracy/top5": 92.68018341064453, "data_time": 0.005438566207885742, "time": 0.11231248132113753, "step": 17}
{"lr": 0.046118408, "data_time": 0.00117948055267334, "loss": 0.8058293282985687, "time": 0.3363624095916748, "epoch": 18, "iter": 1953, "memory": 3094, "step": 1953}
{"accuracy/top1": 72.07207489013672, "accuracy/top5": 95.15765380859375, "data_time": 0.010508142668625405, "time": 0.11518869728877626, "step": 18}
{"lr": 0.046118408, "data_time": 0.0012199878692626953, "loss": 0.8832477867603302, "time": 0.33665635585784914, "epoch": 19, "iter": 2062, "memory": 3094, "step": 2062}
{"accuracy/top1": 64.30180358886719, "accuracy/top5": 92.68018341064453, "data_time": 0.007492673808130725, "time": 0.10689247065577014, "step": 19}
{"lr": 0.046118408, "data_time": 0.0013025522232055664, "loss": 0.7578744709491729, "time": 0.33643269538879395, "epoch": 20, "iter": 2171, "memory": 3094, "step": 2171}
{"accuracy/top1": 72.86035919189453, "accuracy/top5": 94.93243408203125, "data_time": 0.009085984065614897, "time": 0.10860681533813477, "step": 20}
