{"lr": 2.5863685344827587e-05, "data_time": 0.45513172149658204, "loss": 2.462704610824585, "loss_cls": 1.564070725440979, "loss_bbox": 0.8986339211463928, "time": 4.368820238113403, "epoch": 1, "iter": 5, "memory": 3800, "step": 5}
{"lr": 6.465640086206897e-05, "data_time": 0.6698062419891357, "loss": 2.509524930607189, "loss_cls": 1.6567333286458796, "loss_bbox": 0.852791580286893, "time": 2.925424879247492, "epoch": 2, "iter": 11, "memory": 3800, "step": 11}
{"lr": 0.00010344911637931034, "data_time": 0.6218707982231589, "loss": 2.5277005504159367, "loss_cls": 1.6793304401285507, "loss_bbox": 0.8483700892504524, "time": 2.3692467352923225, "epoch": 3, "iter": 17, "memory": 3800, "step": 17}
{"lr": 0.00014224183189655168, "data_time": 0.5502409105715544, "loss": 2.5517196966254194, "loss_cls": 1.7314490028049634, "loss_bbox": 0.8202706704968992, "time": 2.054808637370234, "epoch": 4, "iter": 23, "memory": 3800, "step": 23}
{"lr": 0.000181034547413793, "data_time": 0.5353854360251591, "loss": 2.5613725432034196, "loss_cls": 1.765581176198762, "loss_bbox": 0.7957913423406666, "time": 1.886622667312622, "epoch": 5, "iter": 29, "memory": 3800, "step": 29}
{"lr": 0.0001874999999999999, "data_time": 0.5006649153573173, "loss": 2.547329636982509, "loss_cls": 1.7761054141180856, "loss_bbox": 0.7712242092405047, "time": 1.7505130631583077, "epoch": 6, "iter": 35, "memory": 3800, "step": 35}
{"lr": 0.0001874999999999999, "data_time": 0.47460185609212735, "loss": 2.4957009699286483, "loss_cls": 1.750203722860755, "loss_bbox": 0.7454972325301752, "time": 1.6498916905100753, "epoch": 7, "iter": 41, "memory": 3800, "step": 41}
{"lr": 0.0001874999999999999, "data_time": 0.45146251232066054, "loss": 2.403664213545779, "loss_cls": 1.6892592881588226, "loss_bbox": 0.714404913973301, "time": 1.5702150578194476, "epoch": 8, "iter": 47, "memory": 3800, "step": 47}
{"lr": 0.0001874999999999999, "data_time": 0.41584937572479247, "loss": 2.2898786759376524, "loss_cls": 1.6116475987434387, "loss_bbox": 0.6782310634851456, "time": 1.1982266664505006, "epoch": 9, "iter": 53, "memory": 3800, "step": 53}
{"lr": 0.0001874999999999999, "data_time": 0.3569836282730103, "loss": 2.146226644515991, "loss_cls": 1.5082718777656554, "loss_bbox": 0.6379547554254532, "time": 1.1294036436080932, "epoch": 10, "iter": 59, "memory": 3800, "step": 59}
{"coco/bbox_mAP": 0.214, "coco/bbox_mAP_50": 0.313, "coco/bbox_mAP_75": 0.257, "coco/bbox_mAP_s": 0.011, "coco/bbox_mAP_m": 0.027, "coco/bbox_mAP_l": 0.315, "data_time": 0.020814858950101413, "time": 0.08741043164179875, "step": 10}
{"lr": 0.0001874999999999999, "data_time": 0.331134557723999, "loss": 1.981398742198944, "loss_cls": 1.3852944111824035, "loss_bbox": 0.5961043298244476, "time": 1.0951784133911133, "epoch": 11, "iter": 65, "memory": 3800, "step": 65}
{"lr": 0.0001874999999999999, "data_time": 0.33132314682006836, "loss": 1.7984776091575623, "loss_cls": 1.233902176618576, "loss_bbox": 0.5645754373073578, "time": 1.0860033464431762, "epoch": 12, "iter": 71, "memory": 3800, "step": 71}
{"lr": 0.0001874999999999999, "data_time": 0.3094274806976318, "loss": 1.6383921098709107, "loss_cls": 1.1038669228553772, "loss_bbox": 0.5345251929759979, "time": 1.066826434135437, "epoch": 13, "iter": 77, "memory": 3800, "step": 77}
{"lr": 0.0001874999999999999, "data_time": 0.30900883197784423, "loss": 1.4531236231327056, "loss_cls": 0.9455361229181289, "loss_bbox": 0.5075875031948089, "time": 1.0678600311279296, "epoch": 14, "iter": 83, "memory": 3800, "step": 83}
{"lr": 0.0001874999999999999, "data_time": 0.3045315170288086, "loss": 1.285954749584198, "loss_cls": 0.7987628906965256, "loss_bbox": 0.48719186305999757, "time": 1.075558190345764, "epoch": 15, "iter": 89, "memory": 3800, "step": 89}
{"lr": 0.0001874999999999999, "data_time": 0.30511500835418703, "loss": 1.198880558013916, "loss_cls": 0.7118455737829208, "loss_bbox": 0.48703498601913453, "time": 1.077819719314575, "epoch": 16, "iter": 95, "memory": 3800, "step": 95}
{"lr": 0.0001874999999999999, "data_time": 0.30492530345916746, "loss": 1.1137526977062224, "loss_cls": 0.6373166435956955, "loss_bbox": 0.47643605709075926, "time": 1.0796954536437988, "epoch": 17, "iter": 101, "memory": 3800, "step": 101}
{"lr": 0.0001874999999999999, "data_time": 0.29509265422821046, "loss": 1.0378888857364654, "loss_cls": 0.5754039537906647, "loss_bbox": 0.46248493731021884, "time": 1.069833393096924, "epoch": 18, "iter": 107, "memory": 3800, "step": 107}
{"lr": 0.0001874999999999999, "data_time": 0.2923327684402466, "loss": 1.0091223156452178, "loss_cls": 0.5540241479873658, "loss_bbox": 0.4550981694459915, "time": 1.060327444076538, "epoch": 19, "iter": 113, "memory": 3800, "step": 113}
{"lr": 0.0001874999999999999, "data_time": 0.2828890895843506, "loss": 0.9696777153015137, "loss_cls": 0.5222829765081406, "loss_bbox": 0.44739473938941954, "time": 1.05135892868042, "epoch": 20, "iter": 119, "memory": 3800, "step": 119}
{"coco/bbox_mAP": 0.378, "coco/bbox_mAP_50": 0.537, "coco/bbox_mAP_75": 0.392, "coco/bbox_mAP_s": 0.0, "coco/bbox_mAP_m": 0.13, "coco/bbox_mAP_l": 0.475, "data_time": 0.008600626673017229, "time": 0.0592585631779262, "step": 20}
{"lr": 0.00018701210630623673, "data_time": 0.28839141845703126, "loss": 0.9366860055923462, "loss_cls": 0.4858587634563446, "loss_bbox": 0.45082724213600156, "time": 1.0613700532913208, "epoch": 21, "iter": 125, "memory": 3800, "step": 125}
{"lr": 0.00018446526890387004, "data_time": 0.29166789531707765, "loss": 0.9112275445461273, "loss_cls": 0.468818889260292, "loss_bbox": 0.4424086552858353, "time": 1.0627988386154175, "epoch": 22, "iter": 131, "memory": 3800, "step": 131}
{"lr": 0.00017980014232129403, "data_time": 0.2930687379837036, "loss": 0.9012153220176696, "loss_cls": 0.464998254776001, "loss_bbox": 0.4362170702219009, "time": 1.053706202507019, "epoch": 23, "iter": 137, "memory": 3800, "step": 137}
{"lr": 0.00017313159745763925, "data_time": 0.29171128749847414, "loss": 0.855852644443512, "loss_cls": 0.434756264090538, "loss_bbox": 0.4210963845252991, "time": 1.05686505317688, "epoch": 24, "iter": 143, "memory": 3800, "step": 143}
{"lr": 0.00016462383601908038, "data_time": 0.2939788293838501, "loss": 0.8443617963790894, "loss_cls": 0.43117606580257417, "loss_bbox": 0.41318573474884035, "time": 1.0582596921920777, "epoch": 25, "iter": 149, "memory": 3800, "step": 149}
{"lr": 0.0001544863473278761, "data_time": 0.29561977863311767, "loss": 0.8479671549797058, "loss_cls": 0.43283310770988465, "loss_bbox": 0.41513405084609983, "time": 1.0633463668823242, "epoch": 26, "iter": 155, "memory": 3800, "step": 155}
{"lr": 0.00014296874999999998, "data_time": 0.29646518230438235, "loss": 0.8441963720321656, "loss_cls": 0.4325729721784592, "loss_bbox": 0.4116234028339386, "time": 1.0667866563796997, "epoch": 27, "iter": 161, "memory": 3800, "step": 161}
{"lr": 0.0001303546455063783, "data_time": 0.3045924663543701, "loss": 0.8495558345317841, "loss_cls": 0.4384639000892639, "loss_bbox": 0.4110919350385666, "time": 1.0781375312805175, "epoch": 28, "iter": 167, "memory": 3800, "step": 167}
{"lr": 0.00011695463496345667, "data_time": 0.298926568031311, "loss": 0.8507506585121155, "loss_cls": 0.44414312303066256, "loss_bbox": 0.4066075372695923, "time": 1.0707023668289184, "epoch": 29, "iter": 173, "memory": 3800, "step": 173}
{"lr": 0.00010309867110288716, "data_time": 0.2940752124786377, "loss": 0.84646968126297, "loss_cls": 0.4446990752220154, "loss_bbox": 0.4017706036567688, "time": 1.0637251615524292, "epoch": 30, "iter": 179, "memory": 3800, "step": 179}
{"coco/bbox_mAP": 0.425, "coco/bbox_mAP_50": 0.57, "coco/bbox_mAP_75": 0.488, "coco/bbox_mAP_s": 0.0, "coco/bbox_mAP_m": 0.172, "coco/bbox_mAP_l": 0.539, "data_time": 0.0069887978690011164, "time": 0.05827547822679792, "step": 30}
{"lr": 8.912793374022463e-05, "data_time": 0.29639497756958005, "loss": 0.8392362439632416, "loss_cls": 0.4412923723459244, "loss_bbox": 0.39794387102127077,