{"lr": 0.00025863685344827594, "data_time": 0.5038882255554199, "loss": 0.7301450729370117, "loss_cls": 0.39095399975776673, "loss_bbox": 0.3391910791397095, "time": 2.3487195491790773, "epoch": 1, "iter": 5, "memory": 4284, "step": 5}
{"lr": 0.00064656400862069, "data_time": 0.39664144949479535, "loss": 0.7442084767601707, "loss_cls": 0.39969045194712555, "loss_bbox": 0.3445180221037431, "time": 1.86889479377053, "epoch": 2, "iter": 11, "memory": 4284, "step": 11}
{"lr": 0.0010344911637931037, "data_time": 0.3697570492239559, "loss": 0.7541763537070331, "loss_cls": 0.4023935689645655, "loss_bbox": 0.35178278649554534, "time": 1.6909120082855225, "epoch": 3, "iter": 17, "memory": 4284, "step": 17}
{"lr": 0.0014224183189655174, "data_time": 0.3418087959289551, "loss": 0.7496823227923849, "loss_cls": 0.3934468730636265, "loss_bbox": 0.3562354523202647, "time": 1.5874063968658447, "epoch": 4, "iter": 23, "memory": 4284, "step": 23}
{"lr": 0.0018103454741379308, "data_time": 0.3222385521592765, "loss": 0.7480896937436071, "loss_cls": 0.38727267651722347, "loss_bbox": 0.36081701928171617, "time": 1.502493299286941, "epoch": 5, "iter": 29, "memory": 4284, "step": 29}
{"lr": 0.0018749999999999997, "data_time": 0.31672418458121165, "loss": 0.7555177705628532, "loss_cls": 0.3849460210118975, "loss_bbox": 0.3705717512539455, "time": 1.4552063465118408, "epoch": 6, "iter": 35, "memory": 4284, "step": 35}
{"lr": 0.0018749999999999997, "data_time": 0.31691505269306464, "loss": 0.7611920673672746, "loss_cls": 0.38641782940887826, "loss_bbox": 0.37477424086594, "time": 1.4211921924498023, "epoch": 7, "iter": 41, "memory": 4284, "step": 41}
{"lr": 0.0018749999999999997, "data_time": 0.311310220271983, "loss": 0.7595809013285535, "loss_cls": 0.38276584858589985, "loss_bbox": 0.37681505591311354, "time": 1.3966399507319673, "epoch": 8, "iter": 47, "memory": 4284, "step": 47}
{"lr": 0.0018749999999999997, "data_time": 0.2802825212478638, "loss": 0.7603162360191346, "loss_cls": 0.37766689419746396, "loss_bbox": 0.3826493436098099, "time": 1.2821502017974853, "epoch": 9, "iter": 53, "memory": 4284, "step": 53}
{"lr": 0.0018749999999999997, "data_time": 0.2763948631286621, "loss": 0.7736296892166138, "loss_cls": 0.37983346939086915, "loss_bbox": 0.39379622220993044, "time": 1.2467364168167114, "epoch": 10, "iter": 59, "memory": 4284, "step": 59}
{"coco/bbox_mAP": 0.422, "coco/bbox_mAP_50": 0.575, "coco/bbox_mAP_75": 0.551, "coco/bbox_mAP_s": 0.0, "coco/bbox_mAP_m": 0.049, "coco/bbox_mAP_l": 0.554, "data_time": 0.01450336896456205, "time": 0.0846561651963454, "step": 10}
{"lr": 0.0018749999999999997, "data_time": 0.2745347023010254, "loss": 0.7762326788902283, "loss_cls": 0.3799439412355423, "loss_bbox": 0.39628874003887177, "time": 1.2340534400939942, "epoch": 11, "iter": 65, "memory": 4284, "step": 65}
{"lr": 0.0018749999999999997, "data_time": 0.2836464262008667, "loss": 0.7888669633865356, "loss_cls": 0.38483488202095034, "loss_bbox": 0.40403208196163176, "time": 1.2326389694213866, "epoch": 12, "iter": 71, "memory": 4284, "step": 71}
{"lr": 0.0018749999999999997, "data_time": 0.29259968757629395, "loss": 0.7990800607204437, "loss_cls": 0.38885623395442964, "loss_bbox": 0.41022382616996766, "time": 1.237578272819519, "epoch": 13, "iter": 77, "memory": 4284, "step": 77}
{"lr": 0.0018749999999999997, "data_time": 0.2951984405517578, "loss": 0.8000683951377868, "loss_cls": 0.38904624462127685, "loss_bbox": 0.41102215051651003, "time": 1.2414618396759034, "epoch": 14, "iter": 83, "memory": 4284, "step": 83}
{"lr": 0.0018749999999999997, "data_time": 0.2918913507461548, "loss": 0.7950995242595673, "loss_cls": 0.38554495453834536, "loss_bbox": 0.4095545679330826, "time": 1.2366706657409667, "epoch": 15, "iter": 89, "memory": 4284, "step": 89}
{"lr": 0.0018749999999999997, "data_time": 0.2920724630355835, "loss": 0.7932149124145508, "loss_cls": 0.3819688701629639, "loss_bbox": 0.4112460404634476, "time": 1.2314831352233886, "epoch": 16, "iter": 95, "memory": 4284, "step": 95}
{"lr": 0.0018749999999999997, "data_time": 0.2883406448364258, "loss": 0.7891381645202636, "loss_cls": 0.38052603632211685, "loss_bbox": 0.40861212849617007, "time": 1.224129877090454, "epoch": 17, "iter": 101, "memory": 4284, "step": 101}
{"lr": 0.0018749999999999997, "data_time": 0.29427050113677977, "loss": 0.7731599068641662, "loss_cls": 0.37127157390117643, "loss_bbox": 0.4018883329629898, "time": 1.2312994289398194, "epoch": 18, "iter": 107, "memory": 4284, "step": 107}
{"lr": 0.0018749999999999997, "data_time": 0.2921113300323486, "loss": 0.7636000919342041, "loss_cls": 0.36691579580307004, "loss_bbox": 0.39668429613113404, "time": 1.2191632270812989, "epoch": 19, "iter": 113, "memory": 4284, "step": 113}
{"lr": 0.0018749999999999997, "data_time": 0.28649507522583006, "loss": 0.811612731218338, "loss_cls": 0.41047109961509703, "loss_bbox": 0.40114163398742675, "time": 1.2046930742263795, "epoch": 20, "iter": 119, "memory": 4284, "step": 119}
{"coco/bbox_mAP": 0.276, "coco/bbox_mAP_50": 0.451, "coco/bbox_mAP_75": 0.309, "coco/bbox_mAP_s": 0.0, "coco/bbox_mAP_m": 0.01, "coco/bbox_mAP_l": 0.421, "data_time": 0.0066563742501395086, "time": 0.07066450800214495, "step": 20}
{"lr": 0.001870121063062368, "data_time": 0.2876665782928467, "loss": 0.8349573469161987, "loss_cls": 0.4309962749481201, "loss_bbox": 0.4039610743522644, "time": 1.2093389701843262, "epoch": 21, "iter": 125, "memory": 4284, "step": 125}
