{"lr": 0.025, "data_time": 0.0013059377670288086, "loss": 2.675787925720215, "time": 0.33502447605133057, "epoch": 1, "iter": 100, "memory": 3094, "step": 100}
{"accuracy/top1": 3.4909908771514893, "accuracy/top5": 18.58108139038086, "data_time": 0.054117824350084574, "time": 0.16122614485876902, "step": 1}
{"lr": 0.025, "data_time": 0.001264667510986328, "loss": 2.400483822822571, "time": 0.33433444499969484, "epoch": 2, "iter": 209, "memory": 3094, "step": 209}
{"accuracy/top1": 3.828828811645508, "accuracy/top5": 19.031532287597656, "data_time": 0.00820997665668356, "time": 0.11747716213094778, "step": 2}
{"lr": 0.025, "data_time": 0.001204514503479004, "loss": 2.30579559803009, "time": 0.33469951152801514, "epoch": 3, "iter": 318, "memory": 3094, "step": 318}
{"accuracy/top1": 1.6891891956329346, "accuracy/top5": 17.342342376708984, "data_time": 0.011875752745003536, "time": 0.11784145749848464, "step": 3}
{"lr": 0.025, "data_time": 0.0016144275665283202, "loss": 1.9530567049980163, "time": 0.33591713905334475, "epoch": 4, "iter": 427, "memory": 3094, "step": 427}
{"accuracy/top1": 2.477477550506592, "accuracy/top5": 17.117116928100586, "data_time": 0.006708737077384159, "time": 0.10940171932352, "step": 4}
{"lr": 0.0245, "data_time": 0.0017890214920043945, "loss": 1.9242524743080138, "time": 0.33526954650878904, "epoch": 5, "iter": 536, "memory": 3094, "step": 536}
{"accuracy/top1": 1.576576590538025, "accuracy/top5": 15.765766143798828, "data_time": 0.009140853224129513, "time": 0.11384526614485116, "step": 5}
{"lr": 0.0245, "data_time": 0.0010763645172119141, "loss": 1.7910140037536622, "time": 0.34901769161224366, "epoch": 6, "iter": 645, "memory": 3094, "step": 645}
{"accuracy/top1": 1.0135135650634766, "accuracy/top5": 18.130630493164062, "data_time": 0.008718803011137864, "time": 0.11352978081538759, "step": 6}
{"lr": 0.0245, "data_time": 0.0014548778533935546, "loss": 1.7767141938209534, "time": 0.3367248296737671, "epoch": 7, "iter": 754, "memory": 3094, "step": 754}
{"accuracy/top1": 1.1261261701583862, "accuracy/top5": 14.414414405822754, "data_time": 0.008522970923062029, "time": 0.11386885314152159, "step": 7}
{"lr": 0.0245, "data_time": 0.001385498046875, "loss": 1.6288103580474853, "time": 0.3346510648727417, "epoch": 8, "iter": 863, "memory": 3094, "step": 863}
{"accuracy/top1": 1.0135135650634766, "accuracy/top5": 14.977477073669434, "data_time": 0.007488546700313173, "time": 0.11665302309496649, "step": 8}
{"lr": 0.02401, "data_time": 0.0018026590347290038, "loss": 1.399588930606842, "time": 0.3346210479736328, "epoch": 9, "iter": 972, "memory": 3094, "step": 972}
{"accuracy/top1": 1.914414405822754, "accuracy/top5": 14.977477073669434, "data_time": 0.008975949780694369, "time": 0.11577139229610048, "step": 9}
{"lr": 0.02401, "data_time": 0.001405191421508789, "loss": 1.397999608516693, "time": 0.33112914562225343, "epoch": 10, "iter": 1081, "memory": 3094, "step": 1081}
{"accuracy/top1": 1.576576590538025, "accuracy/top5": 14.752252578735352, "data_time": 0.008592646697471881, "time": 0.11197423934936523, "step": 10}
{"lr": 0.02401, "data_time": 0.0010739564895629883, "loss": 1.4173508405685424, "time": 0.3303821325302124, "epoch": 11, "iter": 1190, "memory": 3094, "step": 1190}
{"accuracy/top1": 1.0135135650634766, "accuracy/top5": 13.175675392150879, "data_time": 0.007166533634580415, "time": 0.10968870952211578, "step": 11}
{"lr": 0.02401, "data_time": 0.0012485742568969726, "loss": 1.3428024291992187, "time": 0.33113577365875246, "epoch": 12, "iter": 1299, "memory": 3094, "step": 1299}
{"accuracy/top1": 1.238738775253296, "accuracy/top5": 12.950450897216797, "data_time": 0.00611514058606378, "time": 0.44754565995315027, "step": 12}
