{"lr": 2.5863685344827587e-05, "data_time": 0.502195930480957, "loss": 0.8114639759063721, "loss_cls": 0.4561254262924194, "loss_bbox": 0.35533854365348816, "time": 2.3632861614227294, "epoch": 1, "iter": 5, "memory": 4284, "step": 5}
{"lr": 6.465640086206897e-05, "data_time": 0.42480494759299536, "loss": 0.7877754785797813, "loss_cls": 0.43458900397474115, "loss_bbox": 0.35318647731434216, "time": 1.75161658633839, "epoch": 2, "iter": 11, "memory": 4284, "step": 11}
{"lr": 0.00010344911637931034, "data_time": 0.38456055697272806, "loss": 0.7592877780689913, "loss_cls": 0.4038323768798043, "loss_bbox": 0.3554554073249592, "time": 1.5575474430533016, "epoch": 3, "iter": 17, "memory": 4284, "step": 17}
{"lr": 0.00014224183189655168, "data_time": 0.36134608932163403, "loss": 0.7401303286137788, "loss_cls": 0.39224458453447925, "loss_bbox": 0.3478857486144356, "time": 1.4651876117872156, "epoch": 4, "iter": 23, "memory": 4284, "step": 23}
{"lr": 0.000181034547413793, "data_time": 0.352637636250463, "loss": 0.748702137634672, "loss_cls": 0.39161418583886376, "loss_bbox": 0.35708795333730764, "time": 1.4130687960262955, "epoch": 5, "iter": 29, "memory": 4284, "step": 29}
{"lr": 0.0001874999999999999, "data_time": 0.34632867404392786, "loss": 0.7417186379432679, "loss_cls": 0.3862160848719733, "loss_bbox": 0.3555025543485369, "time": 1.3743290628705707, "epoch": 6, "iter": 35, "memory": 4284, "step": 35}
{"lr": 0.0001874999999999999, "data_time": 0.33522831521383145, "loss": 0.7282208887542166, "loss_cls": 0.37423272067453806, "loss_bbox": 0.3539881698968934, "time": 1.3405796900028135, "epoch": 7, "iter": 41, "memory": 4284, "step": 41}
{"lr": 0.0001874999999999999, "data_time": 0.3309359093929859, "loss": 0.7279601693153381, "loss_cls": 0.3748534432751067, "loss_bbox": 0.35310672762546136, "time": 1.3309239275912021, "epoch": 8, "iter": 47, "memory": 4284, "step": 47}
{"lr": 0.0001874999999999999, "data_time": 0.30887155055999754, "loss": 0.7162160694599151, "loss_cls": 0.36421518892049787, "loss_bbox": 0.3520008820295334, "time": 1.234973783493042, "epoch": 9, "iter": 53, "memory": 4284, "step": 53}
{"lr": 0.0001874999999999999, "data_time": 0.3005701112747192, "loss": 0.7049773824214935, "loss_cls": 0.35290275305509566, "loss_bbox": 0.35207463026046754, "time": 1.2159055089950561, "epoch": 10, "iter": 59, "memory": 4284, "step": 59}
{"coco/bbox_mAP": 0.525, "coco/bbox_mAP_50": 0.707, "coco/bbox_mAP_75": 0.564, "coco/bbox_mAP_s": 0.0, "coco/bbox_mAP_m": 0.261, "coco/bbox_mAP_l": 0.637, "data_time": 0.01616644859313965, "time": 0.0751794484945444, "step": 10}
{"lr": 0.0001874999999999999, "data_time": 0.29662983417510985, "loss": 0.7552139377593994, "loss_cls": 0.3949475312232971, "loss_bbox": 0.3602664041519165, "time": 1.211041684150696, "epoch": 11, "iter": 65, "memory": 4284, "step": 65}
{"lr": 0.0001874999999999999, "data_time": 0.30499853134155275, "loss": 0.7722973239421844, "loss_cls": 0.4070624345541, "loss_bbox": 0.36523488819599154, "time": 1.2317549562454224, "epoch": 12, "iter": 71, "memory": 4284, "step": 71}
{"lr": 0.0001874999999999999, "data_time": 0.30631614208221436, "loss": 0.7728629338741303, "loss_cls": 0.4095174902677536, "loss_bbox": 0.36334544062614443, "time": 1.2262005996704102, "epoch": 13, "iter": 77, "memory": 4284, "step": 77}
{"lr": 0.0001874999999999999, "data_time": 0.30780323505401613, "loss": 0.7663057816028594, "loss_cls": 0.40368243634700773, "loss_bbox": 0.362623342871666, "time": 1.236748046875, "epoch": 14, "iter": 83, "memory": 4284, "step": 83}
{"lr": 0.0001874999999999999, "data_time": 0.31517155647277834, "loss": 0.7758909213542938, "loss_cls": 0.41339625120162965, "loss_bbox": 0.36249466717243195, "time": 1.2421910238265992, "epoch": 15, "iter": 89, "memory": 4284, "step": 89}
{"lr": 0.0001874999999999999, "data_time": 0.32230677604675295, "loss": 0.7700260126590729, "loss_cls": 0.40747240602970125, "loss_bbox": 0.3625536036491394, "time": 1.248223867416382, "epoch": 16, "iter": 95, "memory": 4284, "step": 95}
{"lr": 0.0001874999999999999, "data_time": 0.31297314167022705, "loss": 0.7702668154239655, "loss_cls": 0.41209094822406767, "loss_bbox": 0.35817586243152616, "time": 1.2168284893035888, "epoch": 17, "iter": 101, "memory": 4284, "step": 101}
{"lr": 0.0001874999999999999, "data_time": 0.3101723289489746, "loss": 0.7761695420742035, "loss_cls": 0.414297856092453, "loss_bbox": 0.36187168180942536, "time": 1.2103136825561522, "epoch": 18, "iter": 107, "memory": 4284, "step": 107}
{"lr": 0.0001874999999999999, "data_time": 0.31246769428253174, "loss": 0.7277692663669586, "loss_cls": 0.3752145940065384, "loss_bbox": 0.3525546705722809, "time": 1.2096419954299926, "epoch": 19, "iter": 113, "memory": 4284, "step": 113}
{"lr": 0.0001874999999999999, "data_time": 0.3056322050094604, "loss": 0.7146675431728363, "loss_cls": 0.36262642323970795, "loss_bbox": 0.352041118144989, "time": 1.1947665882110596, "epoch": 20, "iter": 119, "memory": 4284, "step": 119}
{"coco/bbox_mAP": 0.535, "coco/bbox_mAP_50": 0.699, "coco/bbox_mAP_75": 0.594, "coco/bbox_mAP_s": 0.0, "coco/bbox_mAP_m": 0.216, "coco/bbox_mAP_l": 0.656, "data_time": 0.004470927374703544, "time": 0.06374493667057582, "step": 20}
{"lr": 0.00018701210630623673, "data_time": 0.30475697994232176, "loss": 0.7018223595619202, "loss_cls": 0.35308506786823274, "loss_bbox": 0.34873729199171066, "time": 1.2046427631378174, "epoch": 21, "iter": 125, "memory": 4284, "step": 125}
{"lr": 0.00018446526890387004, "data_time": 0.30852035999298094, "loss": 0.7100399351119995, "loss_cls": 0.36285613119602206, "loss_bbox": 0.3471838042140007, "time": 1.2071820545196532, "epoch": 22, "iter": 131, "memory": 4284, "step": 131}
{"lr": 0.00017980014232129403, "data_time": 0.3049678373336792, "loss": 0.7038630330562592, "loss_cls": 0.35836928129196166, "loss_bbox": 0.34549375146627426, "time": 1.2012910795211793, "epoch": 23, "iter": 137, "memory": 4284, "step": 137}
{"lr": 0.00017313159745763925, "data_time": 0.30309239864349363, "loss": 0.7022255909442902, "loss_cls": 0.3581466382741928, "loss_bbox": 0.3440789529681206, "time": 1.1950263261795044, "epoch": 24, "iter": 143, "memory": 4284, "step": 143}
{"lr": 0.00016462383601908038, "data_time": 0.3029131746292114, "loss": 0.7049857831001282, "loss_cls": 0.3525701290369034, "loss_bbox": 0.352415654361248, "time": 1.1904979467391967, "epoch": 25, "iter": 149, "memory": 4284, "step": 149}
{"lr": 0.0001544863473278761, "data_time": 0.3071881198883057, "loss": 0.6999130094051361, "loss_cls": 0.3473033052682877, "loss_bbox": 0.35260970443487166, "time": 1.2065210485458373, "epoch": 26, "iter": 155, "memory": 4284, "step": 155}
{"lr": 0.00014296874999999998, "data_time": 0.3094540882110596, "loss": 0.6832507467269897, "loss_cls": 0.33619279325008394, "loss_bbox": 0.3470579531788826, "time": 1.2157672262191772, "epoch": 27, "iter": 161, "memory": 4284, "step": 161}
{"lr": 0.0001303546455063783, "data_time": 0.3076717472076416, "loss": 0.681037757396698, "loss_cls": 0.3346573954820633, "loss_bbox": 0.34638036221265794, "time": 1.212592945098877, "epoch": 28, "iter": 167, "memory": 4284, "step": 167}
{"lr": 0.00011695463496345667, "data_time": 0.3058497476577759, "loss": 0.6798690211772919, "loss_cls": 0.32938234448432924, "loss_bbox": 0.35048667788505555, "time": 1.1984850645065308, "epoch": 29, "iter": 173, "memory": 4284, "step": 173}
{"lr": 0.00010309867110288716, "data_time": 0.29806650638580323, "loss": 0.6612840366363525, "loss_cls": 0.3149710953235626, "loss_bbox": 0.34631294161081316, "time": 1.1761976528167724, "epoch": 30, "iter": 179, "memory": 4284, "step": 179}
{"coco/bbox_mAP": 0.572, "coco/bbox_mAP_50": 0.76, "coco/bbox_mAP_75": 0.623, "coco/bbox_mAP_s": 0.0, "coco/bbox_mAP_m": 0.278, "coco/bbox_mAP_l": 0.687, "data_time": 0.013739381517682756, "time": 0.07608870097569057, "step": 30}
{"lr": 8.912793374022463e-05, "data_time": 0.30347256183624266, "loss": 0.6616355514526367, "loss_cls": 0.31783022224903107,