{"lr": 2.586368534482759e-06, "data_time": 0.4902803421020508, "loss": 0.6453132271766663, "loss_cls": 0.34063186645507815, "loss_bbox": 0.3046813666820526, "time": 2.0190759181976317, "epoch": 1, "iter": 5, "memory": 4284, "step": 5}
{"lr": 6.465640086206899e-06, "data_time": 0.40066673538901587, "loss": 0.6660871776667509, "loss_cls": 0.3460718041116541, "loss_bbox": 0.32001537626439874, "time": 1.5678331635215066, "epoch": 2, "iter": 11, "memory": 4284, "step": 11}
{"lr": 1.034491163793104e-05, "data_time": 0.386489798040951, "loss": 0.6494355096536524, "loss_cls": 0.3309714434777989, "loss_bbox": 0.3184640696820091, "time": 1.4391009106355555, "epoch": 3, "iter": 17, "memory": 4284, "step": 17}
{"lr": 1.4224183189655177e-05, "data_time": 0.36694912288499915, "loss": 0.6754049373709637, "loss_cls": 0.3486147062933963, "loss_bbox": 0.32679023755633313, "time": 1.3479829663815706, "epoch": 4, "iter": 23, "memory": 4284, "step": 23}
{"lr": 1.8103454741379307e-05, "data_time": 0.3466825896296008, "loss": 0.6797502390269575, "loss_cls": 0.34712444348581906, "loss_bbox": 0.33262579965180367, "time": 1.2884574594168827, "epoch": 5, "iter": 29, "memory": 4284, "step": 29}
{"lr": 1.8749999999999995e-05, "data_time": 0.3424287864140102, "loss": 0.6578075732503619, "loss_cls": 0.3336281912667411, "loss_bbox": 0.3241793853896005, "time": 1.2580475194113596, "epoch": 6, "iter": 35, "memory": 4284, "step": 35}
{"lr": 1.8749999999999995e-05, "data_time": 0.33672359513073435, "loss": 0.6609905958175659, "loss_cls": 0.33401813885060755, "loss_bbox": 0.32697246060138796, "time": 1.2325336874985113, "epoch": 7, "iter": 41, "memory": 4284, "step": 41}
{"lr": 1.8749999999999995e-05, "data_time": 0.3333490605049945, "loss": 0.6454043343980261, "loss_cls": 0.32389079287965244, "loss_bbox": 0.3215135456399715, "time": 1.2163189218399373, "epoch": 8, "iter": 47, "memory": 4284, "step": 47}
{"lr": 1.8749999999999995e-05, "data_time": 0.300632529258728, "loss": 0.6486985969543457, "loss_cls": 0.3227170792222023, "loss_bbox": 0.32598152160644533, "time": 1.1089564990997314, "epoch": 9, "iter": 53, "memory": 4284, "step": 53}
{"lr": 1.8749999999999995e-05, "data_time": 0.29359649658203124, "loss": 0.6373569893836976, "loss_cls": 0.31484559446573257, "loss_bbox": 0.3225113993883133, "time": 1.095134401321411, "epoch": 10, "iter": 59, "memory": 4284, "step": 59}
{"coco/bbox_mAP": 0.579, "coco/bbox_mAP_50": 0.746, "coco/bbox_mAP_75": 0.656, "coco/bbox_mAP_s": 0.0, "coco/bbox_mAP_m": 0.286, "coco/bbox_mAP_l": 0.696, "data_time": 0.016445104892437275, "time": 0.07280997129587027, "step": 10}
{"lr": 1.8749999999999995e-05, "data_time": 0.2868423080444336, "loss": 0.6342915654182434, "loss_cls": 0.31282758980989456, "loss_bbox": 0.32146397888660433, "time": 1.0788925790786743, "epoch": 11, "iter": 65, "memory": 4284, "step": 65}
{"lr": 1.8749999999999995e-05, "data_time": 0.28957425117492674, "loss": 0.617100670337677, "loss_cls": 0.3000389918684959, "loss_bbox": 0.317061682343483, "time": 1.08768563747406, "epoch": 12, "iter": 71, "memory": 4284, "step": 71}
{"lr": 1.8749999999999995e-05, "data_time": 0.2929832649230957, "loss": 0.6081961917877198, "loss_cls": 0.295545891225338, "loss_bbox": 0.3126503044366837, "time": 1.0906838035583497, "epoch": 13, "iter": 77, "memory": 4284, "step": 77}
{"lr": 1.8749999999999995e-05, "data_time": 0.2877391862869263, "loss": 0.6241828835010529, "loss_cls": 0.30721911311149597, "loss_bbox": 0.31696377605199816, "time": 1.087195224761963, "epoch": 14, "iter": 83, "memory": 4284, "step": 83}
{"lr": 1.8749999999999995e-05, "data_time": 0.2875884819030762, "loss": 0.6215911984443665, "loss_cls": 0.3062374785542488, "loss_bbox": 0.3153537276387215, "time": 1.0845950555801391, "epoch": 15, "iter": 89, "memory": 4284, "step": 89}
{"lr": 1.8749999999999995e-05, "data_time": 0.2869556379318237, "loss": 0.6197022211551666, "loss_cls": 0.30495082765817644, "loss_bbox": 0.31475140124559403, "time": 1.0859761142730713, "epoch": 16, "iter": 95, "memory": 4284, "step": 95}
{"lr": 1.8749999999999995e-05, "data_time": 0.2890388584136963, "loss": 0.6166051131486893, "loss_cls": 0.30384436339139936, "loss_bbox": 0.3127607575058937, "time": 1.0887282085418701, "epoch": 17, "iter": 101, "memory": 4284, "step": 101}
{"lr": 1.8749999999999995e-05, "data_time": 0.29266479015350344, "loss": 0.6082879120111465, "loss_cls": 0.29964969485998155, "loss_bbox": 0.3086382260918617, "time": 1.0915062713623047, "epoch": 18, "iter": 107, "memory": 4284, "step": 107}
{"lr": 1.8749999999999995e-05, "data_time": 0.2921365976333618, "loss": 0.6157215243577957, "loss_cls": 0.30171365678310397, "loss_bbox": 0.3140078753232956, "time": 1.0895993995666504, "epoch": 19, "iter": 113, "memory": 4284, "step": 113}
{"lr": 1.8749999999999995e-05, "data_time": 0.28905324459075926, "loss": 0.6133795636892319, "loss_cls": 0.30122185200452806, "loss_bbox": 0.3121577179431915, "time": 1.0860577964782714, "epoch": 20, "iter": 119, "memory": 4284, "step": 119}
{"coco/bbox_mAP": 0.576, "coco/bbox_mAP_50": 0.748, "coco/bbox_mAP_75": 0.655, "coco/bbox_mAP_s": 0.0, "coco/bbox_mAP_m": 0.311, "coco/bbox_mAP_l": 0.687, "data_time": 0.007091351917811802, "time": 0.06604303632463727, "step": 20}
{"lr": 1.8701210630623677e-05, "data_time": 0.2958928060531616, "loss": 0.610040253996849, "loss_cls": 0.29797609478235243, "loss_bbox": 0.3120641642808914, "time": 1.0986109113693237, "epoch": 21, "iter": 125, "memory": 4284, "step": 125}
{"lr": 1.8446526890387002e-05, "data_time": 0.3031409978866577, "loss": 0.6042875236272812, "loss_cls": 0.2906763410568237, "loss_bbox": 0.31361118733882903, "time": 1.1092367315292357, "epoch": 22, "iter": 131, "memory": 4284, "step": 131}
{"lr": 1.79800142321294e-05, "data_time": 0.30599891662597656, "loss": 0.6650030547380448, "loss_cls": 0.3355524343252182, "loss_bbox": 0.32945062339305875, "time": 1.116757459640503, "epoch": 23, "iter": 137, "memory": 4284, "step": 137}
{"lr": 1.7313159745763918e-05, "data_time": 0.3068633222579956, "loss": 0.6748881143331528, "loss_cls": 0.34199016362428664, "loss_bbox": 0.3328979527950287, "time": 1.1205584192276001, "epoch": 24, "iter": 143, "memory": 4284, "step": 143}
{"lr": 1.646238360190803e-05, "data_time": 0.3094355535507202, "loss": 0.6822130101919174, "loss_cls": 0.3441609838604927, "loss_bbox": 0.338052025437355, "time": 1.1273519277572632, "epoch": 25, "iter": 149, "memory": 4284, "step": 149}
{"lr": 1.5448634732787596e-05, "data_time": 0.3136330509185791, "loss": 0.6938798677921295, "loss_cls": 0.3505850872397423, "loss_bbox": 0.3432947784662247, "time": 1.1376851272583008, "epoch": 26, "iter": 155, "memory": 4284, "step": 155}
{"lr": 1.429687499999998e-05, "data_time": 0.31683109283447264, "loss": 0.6895249915122986, "loss_cls": 0.34852035731077197, "loss_bbox": 0.34100463390350344, "time": 1.1462642669677734, "epoch": 27, "iter": 161, "memory": 4284, "step": 161}
{"lr": 1.3035464550637812e-05, "data_time": 0.31863711833953856, "loss": 0.6869594013690948, "loss_cls": 0.34665776550769806, "loss_bbox": 0.3403016340732574, "time": 1.1556209087371827, "epoch": 28, "iter": 167, "memory": 4284, "step": 167}
{"lr": 1.169546349634565e-05, "data_time": 0.30835991859436035, "loss": 0.6824245142936707, "loss_cls": 0.3428840324282646, "loss_bbox": 0.3395404827594757, "time": 1.1391893339157104, "epoch": 29, "iter": 173, "memory": 4284, "step": 173}
{"lr": 1.03098671102887e-05, "data_time": 0.30512179851531984, "loss": 0.677959725856781, "loss_cls": 0.3417320990562439, "loss_bbox": 0.33622762799263, "time": 1.1347547388076782, "epoch": 30, "iter": 179, "memory": 4284, "step": 179}
{"coco/bbox_mAP": 0.594, "coco/bbox_mAP_50": 0.751, "coco/bbox_mAP_75": 0.662, "coco/bbox_mAP_s": 0.0, "coco/bbox_mAP_m": 0.312, "coco/bbox_mAP_l": 0.71, "data_time": 0.00817206927708217, "time": 0.06402524880000524, "step": 30}
{"lr": 8.912793374022448e-06, "data_time": 0.29801279067993164, "loss": 0.6202603340148926, "loss_cls": 0.2982757145166397,