{"lr": 0.05, "data_time": 0.0012359619140625, "loss": 1.5745223402976989, "time": 0.343794846534729, "epoch": 1, "iter": 100, "memory": 3094, "step": 100}
{"accuracy/top1": 1.3513513803482056, "accuracy/top5": 16.44144058227539, "data_time": 0.010166270392281669, "time": 0.11307887520108904, "step": 1}
{"lr": 0.05, "data_time": 0.0017354011535644532, "loss": 1.4783164620399476, "time": 0.3347498416900635, "epoch": 2, "iter": 209, "memory": 3094, "step": 209}
{"accuracy/top1": 1.6891891956329346, "accuracy/top5": 14.977477073669434, "data_time": 0.0077138604788944635, "time": 0.10686859591253872, "step": 2}
{"lr": 0.05, "data_time": 0.0013098478317260741, "loss": 1.434212899208069, "time": 0.3343357086181641, "epoch": 3, "iter": 318, "memory": 3094, "step": 318}
{"accuracy/top1": 0.45045045018196106, "accuracy/top5": 17.567567825317383, "data_time": 0.0074847648883688035, "time": 0.10663885905824859, "step": 3}
