{"lr": 2.586368534482759e-08, "data_time": 0.42383427619934083, "loss": 0.6369948506355285, "loss_cls": 0.31490476429462433, "loss_bbox": 0.3220900774002075, "time": 1.8270605564117433, "epoch": 1, "iter": 5, "memory": 4284, "step": 5}
{"lr": 6.465640086206899e-08, "data_time": 0.3903844790025191, "loss": 0.627725292335857, "loss_cls": 0.30782302672212775, "loss_bbox": 0.3199022574858232, "time": 1.4748046614907004, "epoch": 2, "iter": 11, "memory": 4284, "step": 11}
{"lr": 1.0344911637931038e-07, "data_time": 0.3620416416841395, "loss": 0.641856849193573, "loss_cls": 0.3108944612390855, "loss_bbox": 0.3309623844483319, "time": 1.356996592353372, "epoch": 3, "iter": 17, "memory": 4284, "step": 17}
{"lr": 1.4224183189655174e-07, "data_time": 0.3422926716182543, "loss": 0.6398064986519192, "loss_cls": 0.3160965948001198, "loss_bbox": 0.32370990126029303, "time": 1.2822598581728728, "epoch": 4, "iter": 23, "memory": 4284, "step": 23}
{"lr": 1.8103454741379307e-07, "data_time": 0.3382649092838682, "loss": 0.6318662248808762, "loss_cls": 0.30904639178308946, "loss_bbox": 0.322819826931789, "time": 1.2494395108058536, "epoch": 5, "iter": 29, "memory": 4284, "step": 29}
{"lr": 1.8749999999999995e-07, "data_time": 0.3306895937238421, "loss": 0.6280661191259111, "loss_cls": 0.3064912966319493, "loss_bbox": 0.32157481738499233, "time": 1.2216568742479597, "epoch": 6, "iter": 35, "memory": 4284, "step": 35}
{"lr": 1.8749999999999995e-07, "data_time": 0.3291273873026778, "loss": 0.6224669399784832, "loss_cls": 0.30119332925575537, "loss_bbox": 0.32127360527108356, "time": 1.2040203664360978, "epoch": 7, "iter": 41, "memory": 4284, "step": 41}
{"lr": 1.8749999999999995e-07, "data_time": 0.3225852479325964, "loss": 0.6234620194485847, "loss_cls": 0.2996820797945591, "loss_bbox": 0.3237799342642439, "time": 1.1874645365045426, "epoch": 8, "iter": 47, "memory": 4284, "step": 47}
{"lr": 1.8749999999999995e-07, "data_time": 0.29674049854278567, "loss": 0.6297155886888504, "loss_cls": 0.3017380976676941, "loss_bbox": 0.3279774856567383, "time": 1.1009818840026855, "epoch": 9, "iter": 53, "memory": 4284, "step": 53}
{"lr": 1.8749999999999995e-07, "data_time": 0.2905989980697632, "loss": 0.6242566150426865, "loss_cls": 0.2974815383553505, "loss_bbox": 0.3267750704288483, "time": 1.0942599010467529, "epoch": 10, "iter": 59, "memory": 4284, "step": 59}
{"coco/bbox_mAP": 0.561, "coco/bbox_mAP_50": 0.731, "coco/bbox_mAP_75": 0.637, "coco/bbox_mAP_s": 0.0, "coco/bbox_mAP_m": 0.268, "coco/bbox_mAP_l": 0.677, "data_time": 0.011059962786160983, "time": 0.06525837458097018, "step": 10}
{"lr": 1.8749999999999995e-07, "data_time": 0.28670764446258545, "loss": 0.6200023823976517, "loss_cls": 0.29504212766885757, "loss_bbox": 0.3249602502584457, "time": 1.0909309434890746, "epoch": 11, "iter": 65, "memory": 4284, "step": 65}
{"lr": 1.8749999999999995e-07, "data_time": 0.2887085008621216, "loss": 0.6051491063833236, "loss_cls": 0.2824780023097992, "loss_bbox": 0.32267109870910643, "time": 1.095985345840454, "epoch": 12, "iter": 71, "memory": 4284, "step": 71}
{"lr": 1.8749999999999995e-07, "data_time": 0.2833066272735596, "loss": 0.6054069131612778, "loss_cls": 0.2819165208935738, "loss_bbox": 0.32349038898944854, "time": 1.092166919708252, "epoch": 13, "iter": 77, "memory": 4284, "step": 77}
{"lr": 1.8749999999999995e-07, "data_time": 0.2822028875350952, "loss": 0.6135229927301407, "loss_cls": 0.2855938583612442, "loss_bbox": 0.3279291319847107, "time": 1.0909566688537597, "epoch": 14, "iter": 83, "memory": 4284, "step": 83}
{"lr": 1.8749999999999995e-07, "data_time": 0.2821405267715454, "loss": 0.6130785876512528, "loss_cls": 0.2862783122062683, "loss_bbox": 0.3268002730607986, "time": 1.0910475063323974, "epoch": 15, "iter": 89, "memory": 4284, "step": 89}
{"lr": 1.8749999999999995e-07, "data_time": 0.2873147296905518, "loss": 0.6126378494501113, "loss_cls": 0.2878240764141083, "loss_bbox": 0.3248137706518173, "time": 1.099162654876709, "epoch": 16, "iter": 95, "memory": 4284, "step": 95}
{"lr": 1.8749999999999995e-07, "data_time": 0.28779162883758547, "loss": 0.6140976172685623, "loss_cls": 0.2925338390469551, "loss_bbox": 0.3215637758374214, "time": 1.0978138828277588, "epoch": 17, "iter": 101, "memory": 4284, "step": 101}
{"lr": 1.8749999999999995e-07, "data_time": 0.2864645767211914, "loss": 0.6130028480291366, "loss_cls": 0.2920661503076553, "loss_bbox": 0.3209366950392723, "time": 1.0940270376205445, "epoch": 18, "iter": 107, "memory": 4284, "step": 107}
{"lr": 1.8749999999999995e-07, "data_time": 0.28899402618408204, "loss": 0.6250836724042892, "loss_cls": 0.3010928964614868, "loss_bbox": 0.32399077504873275, "time": 1.0898067808151246, "epoch": 19, "iter": 113, "memory": 4284, "step": 113}
{"lr": 1.8749999999999995e-07, "data_time": 0.28855047225952146, "loss": 0.6307157182693481, "loss_cls": 0.30564778447151186, "loss_bbox": 0.32506793409585955, "time": 1.0853990077972413, "epoch": 20, "iter": 119, "memory": 4284, "step": 119}
{"coco/bbox_mAP": 0.596, "coco/bbox_mAP_50": 0.763, "coco/bbox_mAP_75": 0.666, "coco/bbox_mAP_s": 0.0, "coco/bbox_mAP_m": 0.314, "coco/bbox_mAP_l": 0.709, "data_time": 0.008419649941580636, "time": 0.06643174375806536, "step": 20}
{"lr": 1.8701210630623682e-07, "data_time": 0.284455623626709, "loss": 0.6364824640750885, "loss_cls": 0.30977258771657945, "loss_bbox": 0.3267098769545555, "time": 1.0840726900100708, "epoch": 21, "iter": 125, "memory": 4284, "step": 125}
{"lr": 1.8446526890387007e-07, "data_time": 0.29031583309173586, "loss": 0.6276791381835938, "loss_cls": 0.30600191444158553, "loss_bbox": 0.3216772237420082, "time": 1.091994571685791, "epoch": 22, "iter": 131, "memory": 4284, "step": 131}
{"lr": 1.7980014232129407e-07, "data_time": 0.29123313903808595, "loss": 0.6154314738512039, "loss_cls": 0.29818583488464356, "loss_bbox": 0.3172456395626068, "time": 1.0888062191009522, "epoch": 23, "iter": 137, "memory": 4284, "step": 137}
{"lr": 1.731315974576393e-07, "data_time": 0.28624269008636477, "loss": 0.6216717916727066, "loss_cls": 0.3040853834152222, "loss_bbox": 0.31758641004562377, "time": 1.0828106355667115, "epoch": 24, "iter": 143, "memory": 4284, "step": 143}
{"lr": 1.6462383601908042e-07, "data_time": 0.285787615776062, "loss": 0.6189057725667954, "loss_cls": 0.29843958795070646, "loss_bbox": 0.3204661867022514, "time": 1.0828563833236695, "epoch": 25, "iter": 149, "memory": 4284, "step": 149}
{"lr": 1.5448634732787617e-07, "data_time": 0.28757272243499754, "loss": 0.6188662165403366, "loss_cls": 0.298591702580452, "loss_bbox": 0.32027451604604723, "time": 1.0868182563781739, "epoch": 26, "iter": 155, "memory": 4284, "step": 155}
{"lr": 1.4296875e-07, "data_time": 0.2845777177810669, "loss": 0.6078867030143738, "loss_cls": 0.29186840951442716, "loss_bbox": 0.31601829558610917, "time": 1.085107789039612, "epoch": 27, "iter": 161, "memory": 4284, "step": 161}
{"lr": 1.3035464550637833e-07, "data_time": 0.2829472494125366, "loss": 0.6155372422933578, "loss_cls": 0.29588482916355135, "loss_bbox": 0.3196524116396904, "time": 1.086391100883484, "epoch": 28, "iter": 167, "memory": 4284, "step": 167}
{"lr": 1.1695463496345667e-07, "data_time": 0.28725108623504636, "loss": 0.6261797088384629, "loss_cls": 0.30190803587436676, "loss_bbox": 0.3242716720700264, "time": 1.0858339166641235, "epoch": 29, "iter": 173, "memory": 4284, "step": 173}
{"lr": 1.0309867110288717e-07, "data_time": 0.2823874616622925, "loss": 0.6273773807287216, "loss_cls": 0.3004319244623184, "loss_bbox": 0.3269454583525658, "time": 1.0821816301345826, "epoch": 30, "iter": 179, "memory": 4284, "step": 179}
{"coco/bbox_mAP": 0.578, "coco/bbox_mAP_50": 0.742, "coco/bbox_mAP_75": 0.652, "coco/bbox_mAP_s": 0.0, "coco/bbox_mAP_m": 0.289, "coco/bbox_mAP_l": 0.696, "data_time": 0.008231793131147112, "time": 0.0632486173084804, "step": 30}
{"lr": 8.912793374022462e-08, "data_time": 0.2863796377182007, "loss": 0.6463350665569305, "loss_cls": 0.3107664155960083,